X,date,year,plot date,month,prcp.m,pet.m,prcp_3,pet_3,diff,spei_3,spi_3,spi6,spei6,spi3,spei3,,,,,,
1,1/1/2000,2000,2000,1,0.44516129,0.130769064,NA,NA,NA,NA,NA,NA,NA,NA,NA,,,,,,
2,2/1/2000,2000,2000.083333,2,0.255172414,0.165037807,NA,NA,NA,NA,NA,NA,NA,NA,NA,,,,,,
3,3/1/2000,2000,2000.166667,3,0.741935484,0.462778945,0.480756396,0.252861939,0.227894457,-0.387991343,0.031614765,NA,NA,6.48E-05,-0.438597997,,,,,,
4,4/1/2000,2000,2000.25,4,1.05,0.887821558,0.682369299,0.50521277,0.177156529,-1.203896943,-0.773634132,NA,NA,-0.719771004,-1.227700381,,,,,,
5,5/1/2000,2000,2000.333333,5,1.561290323,1.781952607,1.117741935,1.04418437,0.073557565,-1.340313105,-1.054587553,NA,NA,-1.010986814,-1.373517323,,,,,,
6,6/1/2000,2000,2000.416667,6,1.663333333,3.026488655,1.424874552,1.898754273,-0.473879721,-1.147675194,-1.072806094,-1.096310244,-1.355902595,-1.006273569,-1.201291807,,,,,,
7,7/1/2000,2000,2000.5,7,0.670967742,3.034154553,1.298530466,2.614198605,-1.315668139,-1.298862156,-1.677283209,-1.517134983,-1.507214591,-1.558052356,-1.328295577,,,,,,
8,8/1/2000,2000,2000.583333,8,2.238709677,2.916311665,1.524336918,2.992318291,-1.467981373,-0.639830312,-1.09668325,-1.552199193,-1.556351654,-1.015718189,-0.67645666,,,,,,
9,9/1/2000,2000,2000.666667,9,1.26,2.129982277,1.389892473,2.693482831,-1.303590358,-1.192650326,-1.795756253,-1.799243127,-1.953999058,-1.715713528,-1.228301581,,,,,,
10,10/1/2000,2000,2000.75,10,0.625806452,0.747571672,1.37483871,1.931288538,-0.556449828,-1.658165949,-2.355912634,-2.783051353,-1.945155703,-2.342650639,-1.626412197,,,,,,
11,11/1/2000,2000,2000.833333,11,1.586666667,0.213479564,1.157491039,1.030344504,0.127146535,-1.5236576,-2.185398609,-2.629303298,-1.877637337,-2.172110649,-1.538098632,,,,,,
12,12/1/2000,2000,2000.916667,12,0.196774194,0.081145423,0.803082437,0.347398886,0.455683551,-1.458204183,-1.97062536,-3.262761135,-1.78959461,-1.99199515,-1.493767977,,,,,,
13,1/1/2001,2001,2001,1,0.748387097,0.125720887,0.843942652,0.140115292,0.703827361,-0.19554261,-0.233209856,-2.303037678,-1.581559263,-0.210485691,-0.231693978,,,,,,
14,2/1/2001,2001,2001.083333,2,0.689285714,0.203810385,0.544815668,0.136892232,0.407923436,0.016940051,0.23871064,-1.992464992,-1.511318156,0.231386958,0.006157548,,,,,,
15,3/1/2001,2001,2001.166667,3,0.064516129,0.341889614,0.500729647,0.223806962,0.276922685,-0.201201544,0.094891039,-1.739715812,-1.473114152,0.068800028,-0.237823299,,,,,,
16,4/1/2001,2001,2001.25,4,2.006666667,0.717395366,0.92015617,0.421031788,0.499124382,-0.253184076,-0.08357808,-0.360394648,-0.591927991,-0.0651873,-0.29396495,,,,,,
17,5/1/2001,2001,2001.333333,5,2.064516129,1.987535773,1.378566308,1.015606917,0.362959391,-0.819300958,-0.406367022,-0.331408204,-0.880433056,-0.385263226,-0.894672451,,,,,,
18,6/1/2001,2001,2001.416667,6,1.923333333,3.645519193,1.998172043,2.116816777,-0.118644734,-0.661266107,-0.041893118,-0.105820671,-0.849355366,-0.028851177,-0.732446033,,,,,,
19,7/1/2001,2001,2001.5,7,1.212903226,3.472719321,1.733584229,3.035258096,-1.301673866,-1.271626726,-0.681572102,-0.522101221,-1.101821122,-0.626306165,-1.304891141,,,,,,
20,8/1/2001,2001,2001.583333,8,2.561290323,3.486327029,1.899175627,3.534855181,-1.635679554,-1.185252423,-0.388177454,-0.610231156,-1.40469442,-0.351551957,-1.184002166,,,,,,
21,9/1/2001,2001,2001.666667,9,3.466666667,2.196529603,2.413620072,3.051858651,-0.63823858,0.060620829,0.269348018,0.092074721,-0.481218807,0.265259254,0.053936684,,,,,,
22,10/1/2001,2001,2001.75,10,4.119354839,0.923389825,3.382437276,2.202082152,1.180355124,0.633521578,1.065485848,0.394514798,-0.267407305,1.060745921,0.703010209,,,,,,
23,11/1/2001,2001,2001.833333,11,1.773333333,0.365753368,3.119784946,1.161890932,1.957894014,0.653474432,0.909315269,0.455729271,0.041308201,0.905344788,0.740526472,,,,,,
24,12/1/2001,2001,2001.916667,12,0.838709677,0.14692977,2.243799283,0.478690987,1.765108296,0.355553357,0.637558121,0.685086618,0.266466252,0.641450664,0.420979712,,,,,,
25,1/1/2002,2002,2002,1,0.051612903,0.142200907,0.887885305,0.218294681,0.669590623,-0.28606984,-0.122084606,0.819233857,0.318209664,-0.104129692,-0.329132752,,,,,,
26,2/1/2002,2002,2002.083333,2,0.567857143,0.233251937,0.486059908,0.174127538,0.31193237,-0.310732103,0.056747809,0.749072145,0.436636315,0.041275921,-0.357300227,,,,,,
27,3/1/2002,2002,2002.166667,3,1.196774194,0.368116454,0.605414747,0.247856433,0.357558314,0.086195932,0.401539505,0.594179978,0.257883149,0.401911249,0.079094605,,,,,,
28,4/1/2002,2002,2002.25,4,2.046666667,0.866559498,1.270432668,0.489309296,0.781123372,0.40028928,0.741049165,0.326889904,-0.110539195,0.717038265,0.425220739,,,,,,
29,5/1/2002,2002,2002.333333,5,3.277419355,1.356395929,2.173620072,0.863690627,1.309929445,0.773722513,1.164993145,0.865100218,0.542655302,1.13155454,0.854384634,,,,,,
30,6/1/2002,2002,2002.416667,6,3.056666667,3.032036396,2.793584229,1.751663941,1.041920288,0.786285119,1.100019709,1.131584071,0.829615979,1.053803717,0.863583623,,,,,,
31,7/1/2002,2002,2002.5,7,1.806451613,4.711261994,2.713512545,3.03323144,-0.319718895,0.408241745,1.059578338,1.027860101,0.479056633,1.002977192,0.449834667,,,,,,
32,8/1/2002,2002,2002.583333,8,3.8,4.028919113,2.887706093,3.924072501,-1.036366408,0.29732648,1.112770002,1.503905873,0.627199958,1.055452396,0.295404739,,,,,Row Labels,Sum of prcp.m
33,9/1/2002,2002,2002.666667,9,1.25,2.737935759,2.285483871,3.826038955,-1.540555084,-1.729561382,0.04836659,0.744520115,-0.153631847,0.053281212,-1.667698342,,,,,2000,12.29581758
34,10/1/2002,2002,2002.75,10,2.203225806,1.002118132,2.417741935,2.589657668,-0.171915732,-1.104823873,-0.328302202,0.410666663,-0.666309236,-0.325707999,-1.163352484,,,,,2001,21.46896313
35,11/1/2002,2002,2002.833333,11,0.556666667,0.321600066,1.336630824,1.353884652,-0.017253828,-1.69148604,-1.793416307,-0.455789006,-1.559728535,-1.782313646,-1.668756023,,,,,2002,20.11656682
36,12/1/2002,2002,2002.916667,12,0.303225806,0.165925945,1.021039427,0.496548047,0.524491379,-1.368970442,-1.433118115,-1.228336244,-1.903535732,-1.449284168,-1.419392576,,,,,2003,19.66621352
37,1/1/2003,2003,2003,1,0.029032258,0.18485732,0.296308244,0.224127777,0.072180467,-2.428861996,-2.179980141,-1.411078525,-1.774135314,-2.073792814,-2.160053303,,,,,2004,20.00927327
38,2/1/2003,2003,2003.083333,2,0.096428571,0.169836298,0.142895545,0.173539854,-0.030644309,-1.678795274,-1.542907009,-2.437331741,-1.919250475,-1.62981856,-1.631268796,,,,,2005,16.3937404
39,3/1/2003,2003,2003.166667,3,0.867741935,0.307748144,0.331067588,0.220813921,0.110253668,-0.879057371,-0.511492304,-1.643326607,-1.562965277,-0.589865151,-0.933934853,,,,,2006,20.53931644
40,4/1/2003,2003,2003.25,4,1.51,0.681469704,0.824723502,0.386351382,0.43837212,-0.413413021,-0.344003875,-1.752189127,-1.836426025,-0.312224438,-0.464384557,,,,,2007,15.95011521
41,5/1/2003,2003,2003.333333,5,1.658064516,1.264307056,1.345268817,0.751174968,0.594093849,-0.418190367,-0.484195017,-1.192287027,-1.208403095,-0.460390005,-0.475800347,,,,,2008,19.0632221
42,6/1/2003,2003,2003.416667,6,1.653333333,3.040514454,1.607132616,1.662097071,-0.054964455,-0.576748202,-0.718569164,-1.0368704,-0.983368228,-0.670415529,-0.644586373,,,,,2009,18.55828725
43,7/1/2003,2003,2003.5,7,4.009677419,4.234135733,2.440358423,2.846319081,-0.405960658,0.275711362,0.623245836,0.242369218,-0.038774201,0.594679431,0.301315765,,,,,2010,22.30217358
44,8/1/2003,2003,2003.583333,8,1.358064516,3.75626936,2.340358423,3.676973182,-1.33661476,-0.298407014,0.333527999,-0.069528732,-0.70734641,0.324983612,-0.334095611,,,,,2011,23.43616743
45,9/1/2003,2003,2003.666667,9,2.62,2.242475048,2.662580645,3.410960047,-0.748379402,-0.125126784,0.67739373,-0.055195772,-0.542612059,0.656679869,-0.153416062,,,,,2012,20.47424542
46,10/1/2003,2003,2003.75,10,2.003225806,0.801967342,1.993763441,2.266903917,-0.273140476,-1.247333742,-1.061531981,-0.363963109,-0.861508048,-1.055079752,-1.290219908,,,,,2013,19.95838464
47,11/1/2003,2003,2003.833333,11,2.88,0.348492727,2.501075269,1.130978372,1.370096896,-0.073658149,0.130919139,0.260928239,-0.290178946,0.131290334,-0.083481905,,,,,2014,23.24471582
48,12/1/2003,2003,2003.916667,12,0.980645161,0.190889494,1.954623656,0.447116521,1.507507135,-0.032352661,0.235248245,0.633907766,-0.226572246,0.235242797,-0.030277848,,,,,2015,21.08505376
49,1/1/2004,2004,2004,1,0.280645161,0.131489023,1.380430108,0.223623748,1.156806359,0.801495152,0.927692482,-0.381167283,-0.888244711,0.900583262,0.856719974,,,,,2016,18.29134594
50,2/1/2004,2004,2004.083333,2,0.062068966,0.206160893,0.441119763,0.176179804,0.264939959,-0.478938275,-0.092691223,-0.061062057,-0.416821422,-0.114852935,-0.537776505,,,,,2017,21.8293702
51,3/1/2004,2004,2004.166667,3,1.303225806,0.359292047,0.548646644,0.232313988,0.316332656,-0.057816545,0.240080515,0.165675664,-0.181048578,0.226517446,-0.080556264,,,,,2018,21.10850998
52,4/1/2004,2004,2004.25,4,1.71,0.714262844,1.025098257,0.426571928,0.598526329,-0.007035012,0.182620628,0.716078054,0.457629865,0.187324609,-0.025438253,,,,,2019,24.37323349
53,5/1/2004,2004,2004.333333,5,3.725806452,1.203843933,2.246344086,0.759132941,1.487211145,1.068705675,1.288333831,0.905680276,0.743849991,1.250613889,1.147421813,,,,,2020,26.99674824
54,6/1/2004,2004,2004.416667,6,1.15,2.904926257,2.195268817,1.607677678,0.587591139,0.238602444,0.265704778,0.256895506,0.177914775,0.262784823,0.263880497,,,,,2021,22.11722734
55,7/1/2004,2004,2004.5,7,1.370967742,3.213020155,2.082258065,2.440596781,-0.358338717,0.349165046,-0.000702738,0.055000011,0.218120628,0.010819409,0.383852369,,,,,Grand Total,449.2786916
56,8/1/2004,2004,2004.583333,8,2.390322581,2.813193858,1.637096774,2.977046756,-1.339949982,-0.30633601,-0.872120448,0.178327237,0.475520853,-0.805208333,-0.342241461,,,,,,
57,9/1/2004,2004,2004.666667,9,0.736666667,2.448563892,1.499318996,2.824925968,-1.325606972,-1.240238783,-1.533103147,-0.687398104,-0.456486819,-1.463759673,-1.269934369,,,,,,
58,10/1/2004,2004,2004.75,10,3.290322581,1.033469771,2.139103943,2.098409174,0.040694769,-0.812346437,-0.799204037,-0.616513236,-0.480572509,-0.794132065,-0.885500412,,,,,,
59,11/1/2004,2004,2004.833333,11,2.666666667,0.483679762,2.231218638,1.321904475,0.909314163,-0.616235999,-0.249070667,-0.901812628,-0.839079067,-0.246580086,-0.692426308,,,,,,
60,12/1/2004,2004,2004.916667,12,1.322580645,0.246022165,2.426523297,0.587723899,1.838799398,0.472114993,0.874424725,-0.296397674,-0.532026675,0.880612336,0.552027174,,,,,,
61,1/1/2005,2005,2005,1,0.675806452,0.091743766,1.555017921,0.273815231,1.28120269,1.02528698,1.239478212,0.069357992,-0.376935313,1.198983388,1.086656191,,,,,,
62,2/1/2005,2005,2005.083333,2,0.446428571,0.140824178,0.814938556,0.159530036,0.65540852,0.780544185,0.940104254,0.073361122,-0.502410061,0.964204082,0.84786174,,,,,,
63,3/1/2005,2005,2005.166667,3,0.188709677,0.246121787,0.436981567,0.159563243,0.277418323,-0.199361927,-0.113549428,0.611122685,0.248226391,-0.157620453,-0.235820432,,,,,,
64,4/1/2005,2005,2005.25,4,0.89,0.63056811,0.508379416,0.339171358,0.169208058,-1.230918664,-1.393091936,0.169614704,-0.111124618,-1.307399616,-1.251299546,,,,,,
65,5/1/2005,2005,2005.333333,5,1.225806452,1.372798947,0.768172043,0.749829615,0.018342428,-1.44238951,-2.11384394,-0.99112261,-1.036338622,-2.033489179,-1.458625186,,,,,,
66,6/1/2005,2005,2005.416667,6,1.071666667,3.505844663,1.062491039,1.836403907,-0.773912868,-1.580176961,-1.883322795,-1.904348858,-1.642860836,-1.774745579,-1.564949589,,,,,,
67,7/1/2005,2005,2005.5,7,1.638709677,3.359946133,1.312060932,2.746196581,-1.434135649,-1.533889149,-1.643089239,-1.788115502,-1.654087526,-1.526054847,-1.522646972,,,,,,
68,8/1/2005,2005,2005.583333,8,4.262903226,3.255018717,2.324426523,3.373603171,-1.049176648,0.275860018,0.309124952,-0.870705831,-1.093328455,0.302107941,0.272377939,,,,,,
69,9/1/2005,2005,2005.666667,9,1.756666667,2.511008432,2.552759857,3.041991094,-0.489231238,0.300711881,0.500651591,-0.779709796,-1.181942147,0.4871388,0.3231657,,,,,,
70,10/1/2005,2005,2005.75,10,0.84516129,1.066839033,2.288243728,2.277622061,0.010621667,-0.853173764,-0.542323147,-1.406827687,-1.570336504,-0.538602807,-0.925700309,,,,,,
71,11/1/2005,2005,2005.833333,11,3.048333333,0.273348879,1.883387097,1.283732115,0.599654982,-0.97595947,-0.787650072,-0.475916586,-0.861416876,-0.782155764,-1.05693889,,,,,,
72,12/1/2005,2005,2005.916667,12,0.343548387,0.103171132,1.41234767,0.481119681,0.931227989,-0.833193044,-0.642508499,-0.240755712,-0.615914798,-0.651017532,-0.921688591,,,,,,
73,1/1/2006,2006,2006,1,1.196774194,0.123503777,1.529551971,0.166674596,1.362877376,1.163511787,1.19545747,0.236524383,-0.312074967,1.156852544,1.223647306,,,,,,
74,2/1/2006,2006,2006.083333,2,0.135714286,0.139720259,0.558678955,0.122131723,0.436547233,0.110837861,0.279711909,-0.756694806,-1.074899954,0.274224557,0.111817624,,,,,,
75,3/1/2006,2006,2006.166667,3,0.612903226,0.282557035,0.648463902,0.181927023,0.466536878,0.440531184,0.517417205,-0.444418426,-0.752125205,0.527791426,0.472297367,,,,,,
76,4/1/2006,2006,2006.25,4,1.251666667,0.72150067,0.666761393,0.381259321,0.285502072,-0.854164467,-0.824369467,0.388558271,0.26377314,-0.767898849,-0.907306688,,,,,,
77,5/1/2006,2006,2006.333333,5,3.156451613,1.450173641,1.673673835,0.818077115,0.85559672,0.023059254,0.233691995,0.202398689,-0.00089891,0.232579892,0.020756783,,,,,,
78,6/1/2006,2006,2006.416667,6,0.595,3.477330321,1.667706093,1.883001544,-0.215295451,-0.791038571,-0.606945236,-0.392149801,-0.725772652,-0.564583301,-0.863795895,,,,,,
79,7/1/2006,2006,2006.5,7,1.974193548,3.410852722,1.908548387,2.779452228,-0.870903841,-0.483303584,-0.329429454,-0.628494111,-0.829296287,-0.296787287,-0.543961556,,,,,,
80,8/1/2006,2006,2006.583333,8,2.070967742,3.032426594,1.54672043,3.306869879,-1.760149449,-1.702495062,-1.051221581,-0.689824282,-0.925940828,-0.973101421,-1.625054962,,,,,,
81,9/1/2006,2006,2006.666667,9,3.161666667,1.714894649,2.402275986,2.719391322,-0.317115336,0.563750425,0.250103771,-0.267872919,-0.195065202,0.246799073,0.613704709,,,,,,
82,10/1/2006,2006,2006.75,10,3.635483871,0.704235832,2.956039427,1.817185692,1.138853735,0.583244646,0.487098085,0.123172484,0.157216495,0.485401682,0.648709684,,,,,,
83,11/1/2006,2006,2006.833333,11,0.853333333,0.208625531,2.55016129,0.87591867,1.67424262,0.295102724,0.197052283,-0.612442974,-0.43052071,0.197054614,0.343714116,,,,,,
84,12/1/2006,2006,2006.916667,12,1.89516129,0.098069143,2.127992832,0.336976835,1.791015996,0.396194999,0.480808986,0.522254936,0.749960549,0.483182762,0.467031058,,,,,,
85,1/1/2007,2007,2007,1,0.151612903,0.072310751,0.966702509,0.126335142,0.840367367,0.141299399,0.068295926,0.375575058,0.494135062,0.078079477,0.138161013,,,,,,
86,2/1/2007,2007,2007.083333,2,0.067857143,0.069456552,0.704877112,0.079945482,0.62493163,0.691771198,0.676036659,0.334472489,0.478415807,0.688303919,0.754151281,,,,,,
87,3/1/2007,2007,2007.166667,3,1.306451613,0.249417544,0.508640553,0.130394949,0.378245604,0.156292178,0.119484047,0.335251173,0.327779639,0.095514883,0.157097963,,,,,,
88,4/1/2007,2007,2007.25,4,1.25,0.530459305,0.874769585,0.283111134,0.591658452,-0.023443368,-0.205037778,-0.217929811,-0.146658887,-0.180402491,-0.043518848,,,,,,
89,5/1/2007,2007,2007.333333,5,1.216129032,1.652022169,1.257526882,0.810633006,0.446893876,-0.672242128,-0.695734159,-0.260957288,-0.377147912,-0.664587329,-0.745841409,,,,,,
90,6/1/2007,2007,2007.416667,6,1.583333333,3.795710506,1.349820789,1.99273066,-0.642909871,-1.388744948,-1.227760898,-1.18364269,-1.378007783,-1.153189388,-1.409897884,,,,,,
91,7/1/2007,2007,2007.5,7,2.077419355,3.645194093,1.62562724,3.030975589,-1.405348349,-1.476032423,-0.911037176,-0.732186094,-1.115601325,-0.841029485,-1.476041193,,,,,,
92,8/1/2007,2007,2007.583333,8,1.206451613,2.371938117,1.622401434,3.270947572,-1.648546138,-1.233580663,-0.900773761,-1.183313433,-1.314564224,-0.832068512,-1.226688568,,,,,,
93,9/1/2007,2007,2007.666667,9,2.69,2.278144949,1.991290323,2.765092386,-0.773802064,-0.169075775,-0.492377771,-1.109686057,-1.406082974,-0.465432233,-0.202046726,,,,,,
94,10/1/2007,2007,2007.75,10,3.393548387,1.122342849,2.43,1.924141972,0.505858028,-0.201277949,-0.30844706,-0.81925364,-1.082950893,-0.305957331,-0.235465878,,,,,,
95,11/1/2007,2007,2007.833333,11,0.926666667,0.296444995,2.336738351,1.232310931,1.10442742,-0.388043095,-0.097004947,-0.785478861,-0.97299843,-0.0953625,-0.443012221,,,,,,
96,12/1/2007,2007,2007.916667,12,0.080645161,0.071401245,1.466953405,0.496729696,0.970223709,-0.780876045,-0.544737445,-0.989790328,-0.888688487,-0.552299388,-0.868281198,,,,,,
97,1/1/2008,2008,2008,1,1.203225806,0.106076765,0.736845878,0.157974335,0.578871543,-0.539165011,-0.521552707,-0.688692488,-0.66287825,-0.486455093,-0.594427283,,,,,,
98,2/1/2008,2008,2008.083333,2,0.048275862,0.115935184,0.444048943,0.097804398,0.346244545,-0.191242414,-0.082644843,-0.276210386,-0.636560511,-0.10435688,-0.226187557,,,,,,
99,3/1/2008,2008,2008.166667,3,0.716129032,0.221234329,0.6558769,0.14774876,0.508128141,0.566765596,0.536855828,-0.353904542,-0.650452412,0.548908083,0.610253754,,,,,,
100,4/1/2008,2008,2008.25,4,2.526666667,0.563521363,1.097023854,0.300230292,0.796793562,0.432864233,0.354730251,-0.231747238,-0.256005772,0.350584534,0.461030334,,,,,,
101,5/1/2008,2008,2008.333333,5,2.677419355,1.368899672,1.973405018,0.717885121,1.255519897,0.683905174,0.810902717,0.498914933,0.510813099,0.789755103,0.76014506,,,,,,
102,6/1/2008,2008,2008.416667,6,2.943333333,2.820539405,2.715806452,1.584320146,1.131486305,0.892967651,0.998657381,1.097439136,1.114489281,0.957701559,0.972709813,,,,,,
103,7/1/2008,2008,2008.5,7,2.158064516,3.307434094,2.592939068,2.498957723,0.093981345,1.018594431,0.870706313,0.718929022,0.938563423,0.826240382,1.093596392,,,,,,
104,8/1/2008,2008,2008.583333,8,1.280645161,3.288217204,2.12734767,3.138730234,-1.011382564,0.338369979,-0.002383355,0.441112533,0.592410581,0.01009656,0.33943974,,,,,,
105,9/1/2008,2008,2008.666667,9,1.96,1.851987067,1.799569892,2.815879455,-1.016309563,-0.61053079,-0.874468374,0.197462409,0.516014875,-0.831956336,-0.67353955,,,,,,
106,10/1/2008,2008,2008.75,10,1.364516129,0.702974529,1.535053763,1.947726267,-0.412672503,-1.447411796,-1.987213971,-0.730054847,-0.481701049,-1.975891562,-1.459235219,,,,,,
107,11/1/2008,2008,2008.833333,11,1.233333333,0.21935953,1.519283154,0.924773709,0.594509445,-0.981923566,-1.430082979,-1.193753227,-0.822790402,-1.421006161,-1.062658156,,,,,,
108,12/1/2008,2008,2008.916667,12,0.951612903,0.047106131,1.183154122,0.32314673,0.860007392,-0.92824488,-1.08376965,-1.763562128,-1.236327409,-1.096552639,-1.01654835,,,,,,
109,1/1/2009,2009,2009,1,0.003225806,0.052771092,0.729390681,0.106412251,0.62297843,-0.413626483,-0.54266299,-2.215355469,-1.529652737,-0.506659588,-0.464279457,,,,,,
110,2/1/2009,2009,2009.083333,2,0.467857143,0.114651847,0.474231951,0.07150969,0.402722261,-0.000301502,0.018353482,-1.468649529,-1.112282566,0.001162637,-0.013210025,,,,,,
111,3/1/2009,2009,2009.166667,3,0.24516129,0.226171783,0.23874808,0.13119824,0.10754984,-0.891126709,-0.939179113,-1.508198682,-1.241516787,-1.054367895,-0.945421398,,,,,,
112,4/1/2009,2009,2009.25,4,1.296666667,0.56155324,0.669895033,0.30079229,0.369102743,-0.606093769,-0.814117972,-1.096217213,-0.993976123,-0.758174212,-0.663107863,,,,,,
113,5/1/2009,2009,2009.333333,5,1.851612903,1.274981075,1.131146953,0.687568699,0.443578254,-0.678019686,-1.018884871,-0.945146083,-0.756818576,-0.976523141,-0.75179783,,,,,,
114,6/1/2009,2009,2009.416667,6,1.53,2.584509585,1.559426523,1.4736813,0.085745223,-0.39263139,-0.808516954,-1.297504775,-0.803081519,-0.755696405,-0.447443596,,,,,,
115,7/1/2009,2009,2009.5,7,1.183870968,2.72457285,1.521827957,2.194687837,-0.67285988,-0.149887909,-1.141685775,-1.183298945,-0.468307183,-1.05686074,-0.179283344,,,,,,
116,8/1/2009,2009,2009.583333,8,4.467741935,2.615467885,2.393870968,2.641516773,-0.247645806,1.236623812,0.414696626,-0.277391824,0.534692727,0.401071916,1.278833957,,,,,,
117,9/1/2009,2009,2009.666667,9,1.3,2.205701326,2.317204301,2.515247354,-0.198043053,0.737826415,0.103824441,-0.480536816,0.28669295,0.106479568,0.800435355,,,,,,
118,10/1/2009,2009,2009.75,10,4.877419355,0.438185311,3.548387097,1.753118174,1.795268923,1.379003306,1.277634083,0.345752145,1.019912933,1.271777811,1.426659194,,,,,,
119,11/1/2009,2009,2009.833333,11,0.876666667,0.21575603,2.351362007,0.953214222,1.398147785,-0.040117508,-0.076296495,0.153378255,0.877102576,-0.074769548,-0.044523614,,,,,,
120,12/1/2009,2009,2009.916667,12,0.458064516,0.05402354,2.070716846,0.235988294,1.834728552,0.465596126,0.401198392,0.336329152,0.975658424,0.402800818,0.544785631,,,,,,
121,1/1/2010,2010,2010,1,0.064516129,0.043717774,0.466415771,0.104499115,0.361916656,-1.235532122,-1.408679464,0.495535066,0.735436629,-1.33553385,-1.254355088,,,,,,
122,2/1/2010,2010,2010.083333,2,0.003571429,0.102041985,0.175384025,0.066594433,0.108789592,-1.079831616,-1.312423468,-0.632546471,-0.571110096,-1.389073096,-1.129919771,,,,,,
123,3/1/2010,2010,2010.166667,3,0.051612903,0.305028246,0.039900154,0.150262668,-0.110362514,-2.003637107,-2.733190281,-0.371586704,-0.321327142,-3.001809724,-1.865269073,,,,,,
124,4/1/2010,2010,2010.25,4,1.06,0.788773032,0.371728111,0.398614421,-0.02688631,-1.96496367,-1.995722744,-2.549334978,-2.115785414,-1.879084941,-1.835884417,,,,,,
125,5/1/2010,2010,2010.333333,5,1.422580645,2.131173733,0.844731183,1.07499167,-0.230260488,-1.913569188,-1.856695818,-2.341263244,-2.1553489,-1.785262368,-1.818365317,,,,,,
126,6/1/2010,2010,2010.416667,6,6.706666667,2.369856779,3.063082437,1.763267848,1.299814589,1.093380197,1.437682558,0.751483155,0.562626235,1.373943662,1.168860784,,,,,,
127,7/1/2010,2010,2010.5,7,1.064516129,3.941284932,3.064587814,2.814105148,0.250482665,1.241960994,1.580119113,0.439096315,0.197980903,1.49007269,1.305566991,,,,,,
128,8/1/2010,2010,2010.583333,8,3.641935484,3.250874291,3.80437276,3.187338667,0.617034093,1.82612095,2.22584709,1.065620671,0.757839367,2.098861596,1.845453468,,,,,,
129,9/1/2010,2010,2010.666667,9,5.523333333,1.872110453,3.409928315,3.021423225,0.38850509,1.524039428,1.76897822,1.944540037,1.611674293,1.703789271,1.557004134,,,,,,
130,10/1/2010,2010,2010.75,10,1.25483871,0.797866576,3.473369176,1.973617107,1.499752069,1.0191964,1.182552108,1.783522114,1.549714156,1.177196166,1.098150372,,,,,,
131,11/1/2010,2010,2010.833333,11,1.416666667,0.216576241,2.731612903,0.962184423,1.76942848,0.413416262,0.434427031,1.95997485,1.76519133,0.433105365,0.477862795,,,,,,
132,12/1/2010,2010,2010.916667,12,0.091935484,0.071662043,0.921146953,0.362034953,0.559112,-1.323944865,-1.668209554,0.260962021,0.021856097,-1.686651822,-1.380976025,,,,,,
133,1/1/2011,2011,2011,1,0.003225806,0.056508208,0.503942652,0.114915497,0.389027155,-1.140560869,-1.266971293,0.446904661,0.371021685,-1.19990076,-1.170797516,,,,,,
134,2/1/2011,2011,2011.083333,2,0.089285714,0.124382355,0.061482335,0.084184202,-0.022701867,-1.642925837,-2.378703176,-0.259513839,-0.276522935,-2.502691276,-1.603558796,,,,,,
135,3/1/2011,2011,2011.166667,3,0.383870968,0.231272611,0.158794163,0.137387725,0.021406438,-1.296304569,-1.419983896,-2.222773398,-1.611199641,-1.576475733,-1.31109399,,,,,,
136,4/1/2011,2011,2011.25,4,4.53,0.521175621,1.667718894,0.292276863,1.375442031,1.443039475,1.511761276,0.348628534,0.473834935,1.448117606,1.487995211,,,,,,
137,5/1/2011,2011,2011.333333,5,1.333870968,1.316429353,2.082580645,0.689625862,1.392954783,0.911298453,1.00674629,0.055188224,0.131175489,0.978800668,0.994349287,,,,,,
138,6/1/2011,2011,2011.416667,6,3.866666667,2.462659724,3.243512545,1.433421566,1.810090979,1.712669182,1.653140082,1.135706613,1.325908076,1.578220157,1.695250419,,,,,,
139,7/1/2011,2011,2011.5,7,0.974193548,3.797146839,2.058243728,2.525411972,-0.467168244,0.180267647,-0.045024594,0.75760753,0.955892779,-0.030654828,0.193502866,,,,,,
140,8/1/2011,2011,2011.583333,8,1.538709677,2.969894483,2.126523297,3.076567015,-0.950043718,0.434780255,-0.003726003,0.568696331,0.820702636,0.008837946,0.442836624,,,,,,
141,9/1/2011,2011,2011.666667,9,4.286666667,1.849730435,2.266523297,2.872257252,-0.605733955,0.114052564,0.014971625,1.136305366,1.34699309,0.021246841,0.11389451,,,,,,
142,10/1/2011,2011,2011.75,10,2.94516129,0.883343821,2.923512545,1.90098958,1.022522965,0.441816462,0.440774727,0.250750276,0.462767652,0.43932208,0.493241946,,,,,,
143,11/1/2011,2011,2011.833333,11,2.72,0.238074084,3.317275986,0.99038278,2.326893206,1.157565195,1.136142653,0.904075884,1.069550102,1.130906971,1.232572918,,,,,,
144,12/1/2011,2011,2011.916667,12,0.764516129,0.078632832,2.143225806,0.400016913,1.743208894,0.321467623,0.501743376,0.365096654,0.281118837,0.504319987,0.382092932,,,,,,
145,1/1/2012,2012,2012,1,0.8,0.052257299,1.428172043,0.122988072,1.305183971,1.066544227,1.01536984,0.919615854,0.963275907,0.984496455,1.127965139,,,,,,
146,2/1/2012,2012,2012.083333,2,0.05862069,0.088885914,0.541045606,0.073258682,0.467786924,0.211471609,0.227440551,1.031284523,1.184941791,0.219612133,0.225114575,,,,,,
147,3/1/2012,2012,2012.166667,3,1.274193548,0.324093364,0.710938079,0.155078859,0.55585922,0.706203524,0.676923153,0.600054672,0.523062953,0.701067469,0.760131269,,,,,,
148,4/1/2012,2012,2012.25,4,1.44,0.703004192,0.924271413,0.37199449,0.552276923,-0.119208019,-0.072766257,0.634811743,0.635289673,-0.05493135,-0.14860572,,,,,,
149,5/1/2012,2012,2012.333333,5,1.422580645,1.748520187,1.378924731,0.925205914,0.453718817,-0.660357473,-0.405536209,-0.337613203,-0.631626958,-0.38446125,-0.73356144,,,,,,
150,6/1/2012,2012,2012.416667,6,3.6167,3.606361738,2.159760215,2.019295372,0.140464843,-0.321964817,0.211688114,0.436166093,-0.111130706,0.211571232,-0.369932318,,,,,,
151,7/1/2012,2012,2012.5,7,2.777419355,4.079045243,2.605566667,3.144642389,-0.539075723,0.066562622,0.890752977,0.543811447,-0.0629717,0.84499903,0.064711725,,,,,,
152,8/1/2012,2012,2012.583333,8,1.519354839,3.313483956,2.637824731,3.666296979,-1.028472248,0.310411125,0.770278694,0.340653455,-0.478225924,0.734397959,0.30944241,,,,,,
153,9/1/2012,2012,2012.666667,9,2.123333333,1.81216414,2.140035842,3.068231113,-0.928195271,-0.445276476,-0.212732987,-0.023743753,-0.521903607,-0.19718059,-0.501328244,,,,,,
154,10/1/2012,2012,2012.75,10,4.367741935,0.658940224,2.670143369,1.928196107,0.741947262,0.09627614,0.067667324,0.562279946,0.086681102,0.068177971,0.102389255,,,,,,
155,11/1/2012,2012,2012.833333,11,0.353333333,0.207540376,2.281469534,0.89288158,1.388587954,-0.05155715,-0.17606481,0.346938869,0.083662371,-0.173981412,-0.057816831,,,,,,
156,12/1/2012,2012,2012.916667,12,0.720967742,0.098085874,1.814014337,0.321522158,1.492492179,-0.0542081,0.025229974,-0.256387377,-0.470512104,0.02318974,-0.05593919,,,,,,
157,1/1/2013,2013,2013,1,1.067741935,0.092865392,0.714014337,0.132830547,0.58118379,-0.532462256,-0.586674458,-0.366713233,-0.375395061,-0.548782685,-0.587556271,,,,,,
158,2/1/2013,2013,2013.083333,2,1.039285714,0.10231343,0.942665131,0.097754899,0.844910232,1.308279174,1.219192656,0.296557467,0.385058952,1.255798981,1.365477008,,,,,,
159,3/1/2013,2013,2013.166667,3,1.429032258,0.25220713,1.178686636,0.149128651,1.029557985,1.861930888,1.653414738,0.761828118,0.856394872,1.761871656,1.845263123,,,,,,
160,4/1/2013,2013,2013.25,4,1.726666667,0.371491684,1.398328213,0.242004081,1.156324132,1.098194358,1.004332965,0.251299193,0.425846428,0.966783083,1.160053572,,,,,,
161,5/1/2013,2013,2013.333333,5,2.074193548,1.254286335,1.743297491,0.625995049,1.117302442,0.45621439,0.373507662,0.903494682,1.047496452,0.36754249,0.512569232,,,,,,
162,6/1/2013,2013,2013.416667,6,0.816666667,2.59530995,1.539175627,1.407029323,0.132146304,-0.332675209,-0.847267764,0.219378759,0.526221251,-0.79243667,-0.381738343,,,,,,
163,7/1/2013,2013,2013.5,7,2.119354839,3.452304876,1.670071685,2.433967054,-0.763895369,-0.301118724,-0.81535034,0.007749684,0.399302662,-0.751489904,-0.34698208,,,,,,
164,8/1/2013,2013,2013.583333,8,0.938709677,2.9029787,1.291577061,2.983531176,-1.691954115,-1.404831557,-1.599249528,-0.954071774,-0.478086572,-1.486836872,-1.375293266,,,,,,
165,9/1/2013,2013,2013.666667,9,1.980066667,1.975587398,1.679377061,2.776956992,-1.097579931,-0.768234403,-1.128345592,-1.263193337,-0.761877006,-1.07549085,-0.832098434,,,,,,
166,10/1/2013,2013,2013.75,10,4.025806452,0.959725987,2.314860932,1.946097362,0.36876357,-0.377645955,-0.49767848,-0.907438258,-0.563755339,-0.49419305,-0.431151595,,,,,,
167,11/1/2013,2013,2013.833333,11,2.566666667,0.191744448,2.857513262,1.042352611,1.815160651,0.470898704,0.593059208,-0.547882636,-0.185738788,0.590852735,0.542053972,,,,,,
168,12/1/2013,2013,2013.916667,12,0.174193548,0.045791976,2.255555556,0.39908747,1.856468085,0.500523916,0.653170595,-0.28348291,-0.226880819,0.65721441,0.583453291,,,,,,
169,1/1/2014,2014,2014,1,0.267741935,0.036315972,1.002867384,0.091284132,0.911583251,0.303209463,0.152178343,-0.46362258,-0.428510733,0.158361334,0.317397568,,,,,,
170,2/1/2014,2014,2014.083333,2,0.164285714,0.077265812,0.202073733,0.053124587,0.148949146,-0.918708745,-1.145529762,0.090501352,0.010370489,-1.214740364,-0.979993753,,,,,,
171,3/1/2014,2014,2014.166667,3,0.274193548,0.161683731,0.235407066,0.091755171,0.143651895,-0.733012923,-0.956716558,0.149725995,0.075429444,-1.073413623,-0.792222103,,,,,,
172,4/1/2014,2014,2014.25,4,2.743333333,0.315142384,1.060604199,0.184697309,0.87590689,0.592221309,0.26855073,0.169739581,0.514401611,0.268836321,0.634711166,,,,,,
173,5/1/2014,2014,2014.333333,5,1.74516129,0.907964636,1.587562724,0.461596917,1.125965807,0.470484584,0.055310879,-0.580451633,-0.030197298,0.060390387,0.528401119,,,,,,
174,6/1/2014,2014,2014.416667,6,2.066666667,2.622940036,2.185053763,1.282015685,0.903038078,0.620338415,0.250225207,-0.226949605,0.372869495,0.24810853,0.688003773,,,,,,
175,7/1/2014,2014,2014.5,7,1.664516129,3.32752663,1.825448029,2.286143768,-0.460695739,0.190417443,-0.493834587,-0.218923017,0.42581431,-0.450629943,0.204988652,,,,,,
176,8/1/2014,2014,2014.583333,8,2.209677419,2.409512435,1.980286738,2.786659701,-0.806372962,0.639240298,-0.247636305,-0.221348505,0.680934717,-0.219806693,0.661140008,,,,,,
177,9/1/2014,2014,2014.666667,9,4.226666667,1.997096761,2.700286738,2.578045276,0.122241463,1.179590122,0.736966731,0.561260265,1.235600383,0.713825659,1.244899888,,,,,,
178,10/1/2014,2014,2014.75,10,4.541935484,0.437406617,3.659426523,1.614671938,2.044754585,1.691352521,1.415998836,0.777017567,1.418259058,1.409414474,1.677869801,,,,,,
179,11/1/2014,2014,2014.833333,11,2.456666667,0.197611175,3.741756272,0.877371518,2.864384755,2.078962414,1.59554688,1.185348823,1.564388863,1.587748732,1.879729343,,,,,,
180,12/1/2014,2014,2014.916667,12,0.883870968,0.090072412,2.627491039,0.241696735,2.385794305,1.494133788,1.121862069,1.498396575,2.111386392,1.130447189,1.497167652,,,,,,
181,1/1/2015,2015,2015,1,0.029032258,0.061688071,1.123189964,0.11645722,1.006732745,0.506661243,0.4175585,1.431724272,1.864014562,0.412349609,0.540961246,,,,,,
182,2/1/2015,2015,2015.083333,2,0,0.083957721,0.304301075,0.078572735,0.225728341,-0.623547677,-0.624108356,1.233388897,1.594615026,-0.67003969,-0.688282029,,,,,,
183,3/1/2015,2015,2015.166667,3,0.448387097,0.256951829,0.159139785,0.134199207,0.024940578,-1.278856055,-1.417558089,0.519316722,0.690684381,-1.573841811,-1.296129818,,,,,,
184,4/1/2015,2015,2015.25,4,1.32,0.568007377,0.589462366,0.302972309,0.286490057,-0.851127081,-1.088550535,-0.457469112,-0.416511356,-1.018504192,-0.904400865,,,,,,
185,5/1/2015,2015,2015.333333,5,2.935483871,1.280989191,1.567956989,0.701982799,0.86597419,0.040356647,0.013799965,-0.425180365,-0.343221725,0.020320305,0.040573197,,,,,,
186,6/1/2015,2015,2015.416667,6,2.176666667,2.832786065,2.144050179,1.560594211,0.583455968,0.233536808,0.187601119,-0.413058635,-0.23418961,0.188734174,0.258130243,,,,,,
187,7/1/2015,2015,2015.5,7,0.309677419,3.693351473,1.807275986,2.602375576,-0.795099591,-0.353737939,-0.530456052,-0.8792091,-0.731437922,-0.484898625,-0.404513135,,,,,,
188,8/1/2015,2015,2015.583333,8,2.14516129,2.472991583,1.543835125,2.999709707,-1.455874582,-0.605642387,-1.057056259,-0.843220239,-0.498967046,-0.978570975,-0.642999779,,,,,,
189,9/1/2015,2015,2015.666667,9,2.816666667,2.342449673,1.757168459,2.836264243,-1.079095784,-0.731905703,-0.962671493,-0.453102712,-0.149979556,-0.916566114,-0.796100406,,,,,,
190,10/1/2015,2015,2015.75,10,2.570967742,0.898581102,2.5109319,1.904674119,0.60625778,-0.073851132,-0.179016322,-0.500518297,-0.341021476,-0.177207641,-0.091500469,,,,,,
191,11/1/2015,2015,2015.833333,11,3.223333333,0.351752694,2.870322581,1.19759449,1.672728091,0.293233513,0.608938393,-0.228265228,-0.078000488,0.60664335,0.341576057,,,,,,
192,12/1/2015,2015,2015.916667,12,3.109677419,0.094655737,2.967992832,0.448329844,2.519662987,1.833465332,1.514514452,0.770640931,0.703477748,1.526904105,1.714681348,,,,,,
193,1/1/2016,2016,2016,1,0.493548387,0.048029673,2.275519713,0.164812701,2.110707012,2.2059345,2.331467285,1.436143524,1.462326363,2.244094984,2.123082434,,,,,,
194,2/1/2016,2016,2016.083333,2,0.175862069,0.112652389,1.259695958,0.0851126,1.174583359,2.171381412,1.821380904,1.321799882,1.258850131,1.884970139,2.049219944,,,,,,
195,3/1/2016,2016,2016.166667,3,2.480645161,0.227611419,1.050018539,0.129431161,0.920587379,1.62440269,1.413999656,1.829629584,2.112012101,1.501785821,1.647605189,,,,,,
196,4/1/2016,2016,2016.25,4,1,0.546077955,1.218835743,0.295447254,0.923388489,0.68401005,0.629930726,2.174200127,2.134531205,0.61163384,0.733310197,,,,,,
197,5/1/2016,2016,2016.333333,5,1.377419355,1.402717936,1.619354839,0.725469103,0.893885736,0.086815912,0.121902619,1.178302788,1.190991439,0.124670739,0.093814053,,,,,,
198,6/1/2016,2016,2016.416667,6,1.293333333,3.157783614,1.223584229,1.702193168,-0.478608939,-1.154331892,-1.502427636,-0.461017803,-0.465768743,-1.41360748,-1.207260113,,,,,,
199,7/1/2016,2016,2016.5,7,2.329032258,3.690803072,1.666594982,2.750434874,-1.083839892,-0.861329303,-0.822772553,-0.219711787,-0.284038852,-0.758435286,-0.928918448,,,,,,
200,8/1/2016,2016,2016.583333,8,2.24516129,2.691036285,1.955842294,3.179874324,-1.22403203,-0.04974698,-0.289576437,-0.211779772,-0.144383745,-0.259121952,-0.074797992,,,,,,
201,9/1/2016,2016,2016.666667,9,3.083333333,2.18002878,2.552508961,2.853956046,-0.301447085,0.587004897,0.500242112,-0.593949345,-0.511753141,0.486746004,0.638956184,,,,,,
202,10/1/2016,2016,2016.75,10,2.206451613,0.892257201,2.511648746,1.921107422,0.590541323,-0.093707355,-0.177882498,-0.668734431,-0.668066216,-0.176079784,-0.114035138,,,,,,
203,11/1/2016,2016,2016.833333,11,0.803333333,0.276002178,2.031039427,1.116096053,0.914943374,-0.609674385,-0.551424853,-0.75030541,-0.695005374,-0.547247972,-0.685434738,,,,,,
204,12/1/2016,2016,2016.916667,12,0.803225806,0.107375384,1.271003584,0.425211587,0.845791997,-0.947144298,-0.908211142,-0.4431825,-0.494655883,-0.919293807,-1.035071743,,,,,,
205,1/1/2017,2017,2017,1,0.75483871,0.07368962,0.787132616,0.152355727,0.63477689,-0.380855241,-0.382840876,-0.491501866,-0.495879527,-0.353695395,-0.429821172,,,,,,
206,2/1/2017,2017,2017.083333,2,0.385714286,0.118732311,0.647926267,0.099932438,0.547993829,0.461671188,0.528739185,-0.416282861,-0.622415055,0.534407011,0.504378244,,,,,,
207,3/1/2017,2017,2017.166667,3,1.190322581,0.23667924,0.776958525,0.143033723,0.633924802,0.922946357,0.835845268,-0.463401365,-0.648703242,0.873710672,0.986371722,,,,,,
208,4/1/2017,2017,2017.25,4,2.383333333,0.599277155,1.319790067,0.318229569,1.001560498,0.829349948,0.844615808,0.24231636,0.241501397,0.815279171,0.886723416,,,,,,
209,5/1/2017,2017,2017.333333,5,1.993548387,1.125897649,1.855734767,0.653951348,1.201783419,0.59534805,0.591696312,0.631895925,0.740269133,0.578157621,0.665219441,,,,,,
210,6/1/2017,2017,2017.416667,6,3.093333333,2.814789257,2.490071685,1.513321354,0.976750331,0.708519808,0.693286003,0.964922402,1.081357414,0.668177287,0.78213838,,,,,,
211,7/1/2017,2017,2017.5,7,1.374193548,3.478920509,2.153691756,2.473202472,-0.319510715,0.40855904,0.129153455,0.480933188,0.723374749,0.132332474,0.450187922,,,,,,
212,8/1/2017,2017,2017.583333,8,2.370967742,2.831819681,2.279498208,3.041843149,-0.762344941,0.696658284,0.239704361,0.481952626,0.816851135,0.23703234,0.722021536,,,,,,
213,9/1/2017,2017,2017.666667,9,0.783333333,2.345318276,1.509498208,2.885352822,-1.375854614,-1.350553841,-1.509353541,-0.344515552,-0.03419183,-1.440977537,-1.364347767,,,,,,
214,10/1/2017,2017,2017.75,10,4.703225806,0.95416557,2.619175627,2.043767842,0.575407785,-0.112858385,-0.010206228,0.021868042,0.144180622,-0.009285814,-0.135738827,,,,,,
215,11/1/2017,2017,2017.833333,11,1.693333333,0.194293356,2.393297491,1.164592401,1.22870509,-0.241633362,-0.017386097,0.071433414,0.200608302,-0.016187723,-0.277249525,,,,,,
216,12/1/2017,2017,2017.916667,12,1.103225806,0.082033926,2.499928315,0.410164284,2.089764031,0.896990456,0.966296262,-0.178393665,-0.284454887,0.973374048,0.994997165,,,,,,
217,1/1/2018,2018,2018,1,0.358064516,0.056832693,1.051541219,0.111053325,0.940487894,0.366502675,0.26194945,0.037304148,-0.128862401,0.263420457,0.387256931,,,,,,
218,2/1/2018,2018,2018.083333,2,0.835714286,0.116317785,0.765668203,0.085061468,0.680606734,0.853014806,0.824942417,0.215805072,-0.063509405,0.843881806,0.923081539,,,,,,
219,3/1/2018,2018,2018.166667,3,0.448387097,0.246529832,0.547388633,0.139893437,0.407495196,0.253055843,0.236379359,0.824253176,0.819653212,0.222496896,0.264784697,,,,,,
220,4/1/2018,2018,2018.25,4,0.28,0.350614167,0.521367127,0.237820595,0.283546533,-0.860184156,-1.342120254,-0.731529698,-0.551054799,-1.259046317,-0.913059364,,,,,,
221,5/1/2018,2018,2018.333333,5,3.283870968,1.555446112,1.337419355,0.717530037,0.619889318,-0.374134398,-0.502731396,-0.014508202,0.013285685,-0.478283037,-0.427505909,,,,,,
222,6/1/2018,2018,2018.416667,6,1.023333333,3.26823972,1.5290681,1.724766666,-0.195698566,-0.764576921,-0.866739442,-0.7918784,-0.77849499,-0.810898088,-0.837372548,,,,,,
223,7/1/2018,2018,2018.5,7,1.393548387,3.92193619,1.900250896,2.915207341,-1.014956444,-0.736671145,-0.345625708,-0.843532287,-1.013329588,-0.31194298,-0.805904101,,,,,,
224,8/1/2018,2018,2018.583333,8,2.75483871,2.509236096,1.72390681,3.233137335,-1.509230525,-0.761033063,-0.70634086,-0.91573753,-0.9055839,-0.649803469,-0.793501693,,,,,,
225,9/1/2018,2018,2018.666667,9,2.913333333,2.374610103,2.35390681,2.935260796,-0.581353986,0.153731887,0.167364847,-0.473447143,-0.507785749,0.167431167,0.158441456,,,,,,
226,10/1/2018,2018,2018.75,10,5.309677419,0.869908439,3.659283154,1.917918213,1.741364941,1.312802343,1.415821957,0.852356204,0.638154582,1.409238526,1.369334877,,,,,,
227,11/1/2018,2018,2018.833333,11,1.74,0.279321316,3.321003584,1.174613286,2.146390298,0.903912725,1.140338232,0.483819344,0.382494708,1.135079147,0.996325011,,,,,,
228,12/1/2018,2018,2018.916667,12,0.767741935,0.111051395,2.605806452,0.420093717,2.185712735,1.075327817,1.095768577,1.060766645,0.931059492,1.104100868,1.160786775,,,,,,
229,1/1/2019,2019,2019,1,0.322580645,0.082678192,0.94344086,0.157683634,0.785757226,0.010980697,0.013227043,1.221777202,1.223065416,0.025374294,-0.005868137,,,,,,
230,2/1/2019,2019,2019.083333,2,1.367857143,0.129810106,0.819393241,0.107846564,0.711546677,0.940924349,0.950292732,1.332646753,1.273725331,0.974849116,1.012668046,,,,,,
231,3/1/2019,2019,2019.166667,3,0.416129032,0.274416111,0.70218894,0.162301469,0.539887471,0.660162877,0.655152157,1.112540625,1.153353433,0.677416896,0.710977032,,,,,,
232,4/1/2019,2019,2019.25,4,2.373333333,0.490282322,1.385773169,0.298169513,1.087603657,0.981711404,0.979199192,0.598870655,0.662237843,0.942941785,1.043418139,,,,,,
233,5/1/2019,2019,2019.333333,5,3.487096774,1.082445352,2.09218638,0.615714595,1.476471785,1.050685949,1.023653332,1.223404843,1.344483937,0.995120842,1.13029751,,,,,,
234,6/1/2019,2019,2019.416667,6,2.78,2.61263068,2.880143369,1.395119451,1.485023918,1.314992591,1.210690054,1.356250461,1.524969061,1.158730853,1.371354117,,,,,,
235,7/1/2019,2019,2019.5,7,2.248387097,3.834607515,2.838494624,2.509894516,0.328600108,1.352666524,1.249654376,1.26950362,1.41327422,1.180840641,1.405216883,,,,,,
236,8/1/2019,2019,2019.583333,8,0.535483871,2.824374663,1.854623656,3.090537619,-1.235913964,-0.074369286,-0.46710167,0.255944324,0.58815552,-0.425536704,-0.100767022,,,,,,
237,9/1/2019,2019,2019.666667,9,4.006666667,1.653883969,2.263512545,2.770955382,-0.507442837,0.27201633,0.009651694,0.804592232,1.204519787,0.016143657,0.291077123,,,,,,
238,10/1/2019,2019,2019.75,10,3.612903226,0.784995284,2.718351254,1.754417972,0.963933283,0.370241171,0.140416936,0.849655187,1.172566422,0.140544776,0.413273099,,,,,,
239,11/1/2019,2019,2019.833333,11,1.706666667,0.216255077,3.10874552,0.885044777,2.223700743,1.010593744,0.896362599,0.395227279,0.729125484,0.892464365,1.098637472,,,,,,
240,12/1/2019,2019,2019.916667,12,1.516129032,0.062797823,2.278566308,0.354682728,1.92388358,0.610751927,0.683575235,0.537505546,0.669801417,0.687913648,0.703194382,,,,,,
241,1/1/2020,2020,2020,1,0.225806452,0.086033339,1.14953405,0.121695413,1.027838637,0.54995506,0.473120399,0.303204109,0.511214129,0.465526307,0.588060657,,,,,,
242,2/1/2020,2020,2020.083333,2,0.237931034,0.129090078,0.659955506,0.092640413,0.567315093,0.52031196,0.560537167,0.932534121,1.179782491,0.567629588,0.568851491,,,,,,
243,3/1/2020,2020,2020.166667,3,2.283870968,0.21282998,0.915869485,0.142651132,0.773218352,1.279946136,1.143778535,0.988845494,1.112346735,1.20823243,1.337289774,,,,,,
244,4/1/2020,2020,2020.25,4,3.7,0.504715424,2.073934001,0.282211827,1.791722173,2.01293314,2.186081034,1.842507579,1.923716715,2.087763524,1.97187152,,,,,,
245,5/1/2020,2020,2020.333333,5,2.251612903,0.953644143,2.74516129,0.557063182,2.188098108,2.381914856,2.07183784,1.870929807,1.971676819,2.006921655,2.103596023,,,,,,
246,6/1/2020,2020,2020.416667,6,2.286666667,2.978658946,2.74609319,1.479006171,1.267087019,1.054383251,1.038350022,1.45150616,1.54023462,0.995334362,1.131637934,,,,,,
247,7/1/2020,2020,2020.5,7,4.135483871,3.837407874,2.89125448,2.589903654,0.301350826,1.314089294,1.328256838,1.962597855,1.906219091,1.254392811,1.37090534,,,,,,
248,8/1/2020,2020,2020.583333,8,1.825806452,2.987963008,2.749318996,3.268009943,-0.518690946,0.978562353,0.925605027,1.940081743,1.905822703,0.880002276,1.01675227,,,,,,
249,9/1/2020,2020,2020.666667,9,3.676666667,2.0794814,3.21265233,2.968284094,0.244368236,1.339707779,1.497342634,1.523459387,1.520516413,1.443221081,1.393903185,,,,,,
250,10/1/2020,2020,2020.75,10,4.709677419,0.724260069,3.404050179,1.930568159,1.47348202,0.987461423,1.093494919,1.561577283,1.568667735,1.088607606,1.067225707,,,,,,
251,11/1/2020,2020,2020.833333,11,1.56,0.255157885,3.315448029,1.019633118,2.295814911,1.112693052,1.134084084,1.519746331,1.37441532,1.128859885,1.192560617,,,,,,
252,12/1/2020,2020,2020.916667,12,0.103225806,0.086730419,2.124301075,0.355382791,1.768918284,0.361508195,0.475720602,1.509049782,1.483130293,0.478045076,0.427749309,,,,,,
253,1/1/2021,2021,2021,1,0.206451613,0.058976435,0.623225806,0.133621579,0.489604227,-0.808857022,-0.860809441,0.511647518,0.472173445,-0.811157184,-0.862961025,,,,,,
254,2/1/2021,2021,2021.083333,2,0.353571429,0.118291923,0.221082949,0.087999592,0.133083357,-0.981790375,-1.036184537,0.669335167,0.663868259,-1.100517789,-1.039484114,,,,,,
255,3/1/2021,2021,2021.166667,3,0.632258065,0.310845768,0.397427035,0.162704709,0.234722327,-0.361392461,-0.253483799,0.189497807,0.080633598,-0.309620992,-0.41035208,,,,,,
256,4/1/2021,2021,2021.25,4,2.143333333,0.588801483,1.043054275,0.339313058,0.703741217,0.234158455,0.226320188,-0.546673046,-0.610524598,0.22877722,0.241601173,,,,,,
257,5/1/2021,2021,2021.333333,5,1.619354839,1.254317293,1.464982079,0.717988181,0.746993897,-0.158841772,-0.210132441,-0.782116206,-0.700809595,-0.195839597,-0.186727115,,,,,,
258,6/1/2021,2021,2021.416667,6,3.366666667,2.930155527,2.376451613,1.591091434,0.785360178,0.478888296,0.532668783,0.299751233,0.336881291,0.515895153,0.533532472,,,,,,
259,7/1/2021,2021,2021.5,7,4.461290323,3.419072284,3.149103943,2.534515035,0.614588908,1.757480882,1.699588211,1.237744973,1.331682342,1.601865805,1.738487104,,,,,,
260,8/1/2021,2021,2021.583333,8,3.819354839,3.073436859,3.882437276,3.140888223,0.741549053,1.891863084,2.312294866,1.79457932,1.775377705,2.179898718,1.905930702,,,,,,
261,9/1/2021,2021,2021.666667,9,2.38,2.496308488,3.553548387,2.996272543,0.557275844,1.734704097,1.960412621,1.499238218,1.427690092,1.887423992,1.73233054,,,,,,
262,10/1/2021,2021,2021.75,10,1.067741935,0.902327677,2.422365591,2.157357674,0.265007917,-0.513100967,-0.320805049,0.864338343,0.790089652,-0.318250294,-0.577527111,,,,,,
263,11/1/2021,2021,2021.833333,11,1.183333333,0.313512141,1.543691756,1.237382769,0.306308988,-1.31584595,-1.383876664,0.885897144,0.784710385,-1.375057495,-1.365794864,,,,,,
264,12/1/2021,2021,2021.916667,12,0.883870968,0.1469694,1.044982079,0.454269739,0.590712339,-1.28276784,-1.379193582,0.610042677,0.295659572,-1.394837478,-1.345311783,,,,,,
